0,0.325079,198.275,0.449571134404
0,0.327982,198.275,0.416045301832
0,0.330884,199.424,0.448656117915
0,0.333787,198.275,0.423538063757
0,0.336689,198.275,0.48935654678
0,0.339592,198.275,0.518528696837
0,0.342494,197.133,0.532956850238
0,0.345397,197.133,0.528970877394
0,0.348299,195.998,0.536418740033
0,0.351202,195.998,0.526745266222
0,0.354104,195.998,0.527173357692
0,0.357007,194.869,0.512708820387
0,0.359909,194.869,0.514387124743
0,0.362812,194.869,0.517632259363
0,0.365714,195.998,0.526311755872
0,0.368617,195.998,0.520231773212
0,0.371519,195.998,0.514839214108
0,0.374422,197.133,0.497879669913
0,0.377324,197.133,0.488077691248
0,0.380227,195.998,0.478871015188
0,0.383129,197.133,0.461063029308
0,0.386032,195.998,0.452585579588
0,0.388934,195.998,0.456354023131
0,0.391837,195.998,0.45790072613
0,0.394739,195.998,0.435301676756
0,0.397642,195.998,0.447281270805
0,0.400544,195.998,0.429358714332
0,0.403447,195.998,0.43720138104
0,0.406349,195.998,0.440668689715
0,0.409252,195.998,0.421945687346
0,0.412154,195.998,0.43367833532
0,0.415057,195.998,0.451878028767
0,0.417959,195.998,0.454609143972
0,0.420862,195.998,0.446360061311
0,0.423764,195.998,0.45195698958
0,0.426667,195.998,0.453723544257
0,0.429569,195.998,0.464566721888
0,0.432472,195.998,0.463559584449
0,0.435374,195.998,0.475772964437
0,0.438277,195.998,0.481537103841
0,0.441179,195.998,0.485369799811
0,0.444082,195.998,0.480842713155
0,0.446984,195.998,0.478466147486
0,0.449887,195.998,0.481946616297
0,0.452789,195.998,0.483575376612
0,0.455692,195.998,0.478246295809
0,0.458594,195.998,0.489193980399
0,0.461497,195.998,0.494488225549
0,0.464399,195.998,0.486961402096
0,0.467302,195.998,0.488499589713
0,0.470204,195.998,0.486277849169
0,0.473107,195.998,0.488876588893
0,0.476009,195.998,0.488308380684
0,0.478912,195.998,0.491463716732
0,0.481814,195.998,0.494492870303
0,0.484717,195.998,0.490362910093
0,0.487619,195.998,0.49863212002
0,0.490522,195.998,0.498690953568
0,0.493424,195.998,0.498599606744
0,0.496327,195.998,0.497762776943
0,0.499229,195.998,0.498616637508
0,0.502132,195.998,0.495198872873
0,0.505034,195.998,0.496847760455
0,0.507937,195.998,0.513159361501
0,0.510839,195.998,0.510339995975
0,0.513741,195.998,0.50870581678
0,0.516644,195.998,0.509037916673
0,0.519547,195.998,0.517345832882
0,0.522449,195.998,0.513486816641
0,0.525351,195.998,0.521732802799
0,0.528254,195.998,0.520654445803
0,0.531156,195.998,0.522190311044
0,0.534059,195.998,0.52717026119
0,0.536961,195.998,0.523753270681
0,0.539864,195.998,0.527809688956
0,0.542766,195.998,0.526782424252
0,0.545669,195.998,0.523365433743
0,0.548571,195.998,0.525723420397
0,0.551474,195.998,0.528865596309
0,0.554376,195.998,0.522061032064
0,0.557279,195.998,0.537484711019
0,0.560181,195.998,0.529100930499
0,0.563084,195.998,0.520547616467
0,0.565986,195.998,0.529004164796
0,0.568889,195.998,0.534564709161
0,0.571791,195.998,0.546682871696
0,0.574694,195.998,0.55075554661
0,0.577596,195.998,0.564488535199
0,0.580499,195.998,0.553435569524
0,0.583401,195.998,0.554128411959
0,0.586304,195.998,0.561270494976
0,0.589206,195.998,0.562116614284
0,0.592109,195.998,0.568513214324
0,0.595011,195.998,0.565601727848
0,0.597914,195.998,0.569897350942
0,0.600816,195.998,0.570323894162
0,0.603719,195.998,0.567725154438
0,0.606621,195.998,0.572770131137
0,0.609524,195.998,0.569120128815
0,0.612426,195.998,0.567265323817
0,0.615329,195.998,0.572706652836
0,0.618231,195.998,0.57074347025
0,0.621134,195.998,0.572994627568
0,0.624036,195.998,0.565225502795
0,0.626939,195.998,0.571917818824
0,0.629841,195.998,0.580098004304
0,0.632744,195.998,0.568962981313
0,0.635646,195.998,0.566672343588
0,0.638549,195.998,0.564159531809
0,0.641451,195.998,0.564552013501
0,0.644354,195.998,0.563544876062
0,0.647256,195.998,0.563639319389
0,0.650159,195.998,0.564023285699
0,0.653061,195.998,0.55789530725
0,0.655964,195.998,0.562634504327
0,0.658866,195.998,0.568956014182
0,0.661769,195.998,0.557145953645
0,0.664671,195.998,0.558718976916
0,0.667574,195.998,0.565487931382
0,0.670476,195.998,0.567548653796
0,0.673379,195.998,0.565269627955
0,0.676281,195.998,0.558128319064
0,0.679184,195.998,0.556340862995
0,0.682086,195.998,0.559511681556
0,0.684989,195.998,0.526968214402
0,0.687891,198.275,0.542340801065
0,0.690794,200.579,0.546141757884
0,0.693696,201.741,0.590239824119
0,0.696599,201.741,0.617951199121
1,0.345397,97.9989,0.519130192448
1,0.348299,96.8732,0.414858567248
1,0.351202,97.4344,0.352922324235
1,0.354104,97.4344,0.355015559925
1,0.357007,96.8732,0.360307482698
1,0.359909,96.8732,0.507941754788
1,0.362812,96.8732,0.496517208813
1,0.365714,97.4344,0.53322005295
1,0.368617,97.9989,0.554771710353
1,0.371519,97.9989,0.543384322408
1,0.374422,98.5666,0.531828175076
1,0.377324,98.5666,0.521742866432
1,0.380227,98.5666,0.51918825187
1,0.383129,98.5666,0.499501463097
1,0.386032,97.9989,0.488926132933
1,0.388934,97.9989,0.502360309031
1,0.391837,97.9989,0.495896360061
1,0.394739,97.9989,0.477332827571
1,0.397642,97.9989,0.489127405595
1,0.400544,97.9989,0.476195637028
1,0.403447,97.9989,0.483441452879
1,0.406349,97.4344,0.482025577111
1,0.409252,97.9989,0.473405688275
1,0.412154,97.4344,0.480582606945
1,0.415057,97.9989,0.491740853706
1,0.417959,97.9989,0.490456579294
1,0.420862,97.9989,0.495531746892
1,0.423764,97.9989,0.485503723544
1,0.426667,97.9989,0.48943086284
1,0.429569,97.4344,0.499698865132
1,0.432472,97.9989,0.500151728623
1,0.435374,97.9989,0.509271702612
1,0.438277,97.4344,0.503255972379
1,0.441179,97.9989,0.530434748951
1,0.444082,97.9989,0.514258619889
1,0.446984,97.9989,0.521865952407
1,0.449887,97.9989,0.526526962796
1,0.452789,97.9989,0.526165446129
1,0.455692,97.9989,0.516599575779
1,0.458594,97.9989,0.527493071576
1,0.461497,97.9989,0.535549396956
1,0.464399,97.9989,0.51551115515
1,0.467302,97.9989,0.522489123535
1,0.470204,97.9989,0.518416448621
1,0.473107,97.9989,0.514684388983
1,0.476009,97.9989,0.512670114106
1,0.478912,97.9989,0.519982504761
1,0.481814,97.9989,0.52063741504
1,0.484717,97.9989,0.511234111072
1,0.487619,97.9989,0.522604468253
1,0.490522,97.9989,0.522301785134
1,0.493424,97.9989,0.525320875072
1,0.496327,97.9989,0.520313056403
1,0.499229,97.9989,0.524530492808
1,0.502132,97.9989,0.52535648485
1,0.505034,97.9989,0.518186533311
1,0.507937,97.9989,0.533998823329
1,0.510839,97.9989,0.537372462803
1,0.513741,97.9989,0.542747217018
1,0.516644,97.9989,0.533932248525
1,0.519547,97.9989,0.547496477728
1,0.522449,97.9989,0.543087832293
1,0.525351,97.9989,0.542560652743
1,0.528254,97.9989,0.54005558222
1,0.531156,97.9989,0.550902630479
1,0.534059,97.9989,0.551097710136
1,0.536961,97.9989,0.543180727368
1,0.539864,97.9989,0.550568208209
1,0.542766,97.9989,0.553370542972
1,0.545669,97.9989,0.544949604422
1,0.548571,97.9989,0.54515165121
1,0.551474,97.9989,0.555463778662
1,0.554376,97.9989,0.549572682655
1,0.557279,97.9989,0.551710043506
1,0.560181,97.4344,0.551405812135
1,0.563084,97.9989,0.548199383796
1,0.565986,97.4344,0.547110963167
1,0.568889,97.9989,0.550983139544
1,0.571791,97.4344,0.562027589837
1,0.574694,97.9989,0.564248556256
1,0.577596,97.4344,0.554746938333
1,0.580499,97.4344,0.573233832386
1,0.583401,97.9989,0.57084255833
1,0.586304,97.9989,0.57617396151
1,0.589206,97.9989,0.579137314403
1,0.592109,97.4344,0.580945671864
1,0.595011,97.9989,0.580772267724
1,0.597914,97.4344,0.570790691913
1,0.600816,97.9989,0.583143414513
1,0.603719,97.9989,0.57969700723
1,0.606621,97.9989,0.589507501277
1,0.609524,97.9989,0.588389663875
1,0.612426,97.4344,0.582166467974
1,0.615329,97.9989,0.58825961077
1,0.618231,97.4344,0.573941383208
1,0.621134,97.9989,0.590479028937
1,0.624036,97.9989,0.584294539318
1,0.626939,97.9989,0.588911424546
1,0.629841,97.9989,0.591663441143
1,0.632744,97.4344,0.585639969654
1,0.635646,97.9989,0.577503135209
1,0.638549,97.4344,0.559567418601
1,0.641451,97.9989,0.574059050303
1,0.644354,97.9989,0.576624502624
1,0.647256,97.9989,0.571595008438
1,0.650159,97.9989,0.571048475747
1,0.653061,97.4344,0.572183343913
1,0.655964,97.9989,0.576444905479
1,0.658866,97.4344,0.561098639087
1,0.661769,97.4344,0.571785443342
1,0.664671,97.9989,0.576372911796
1,0.667574,97.9989,0.576068680425
1,0.670476,97.9989,0.570871200978
1,0.673379,97.4344,0.577945935066
1,0.676281,97.9989,0.576313304123
1,0.679184,97.4344,0.557564755609
1,0.682086,97.9989,0.578285776216
1,0.684989,97.9989,0.561747356361
1,0.687891,98.5666,0.549063307994
1,0.690794,99.1376,0.545833655886
1,0.693696,100.289,0.600643298394
1,0.696599,100.87,0.685230457199
1,0.699501,102.043,0.689422347459
1,0.702404,103.826,0.571577977674
1,0.705306,105.641,0.508214247008
1,0.708209,108.737,0.481232098345
1,0.711111,110.0,0.423267893914
1,0.714014,113.223,0.405535772345
1,0.716916,114.539,0.537113130719
1,0.719819,115.87,0.573504776355
1,0.722721,115.87,0.583834708697
1,0.725624,117.216,0.598525290684
1,0.728526,117.216,0.581079595597
1,0.731429,118.578,0.584635154593
1,0.734331,121.35,0.585163882395
1,0.737234,126.357,0.464703742123
1,0.740136,127.825,0.464216042979
1,0.743039,128.565,0.44746783508
1,0.745941,127.825,0.408781681091
1,0.748844,125.629,0.386147021939
1,0.751746,127.825,0.350246946074
1,0.754649,127.089,0.3303093406
1,0.757551,123.471,0.34643979625
1,0.760454,123.471,0.344292371766
1,0.763356,122.76,0.393600303457
1,0.766258,122.76,0.393704810417
1,0.769161,123.471,0.374842465435
1,0.772063,123.471,0.373326727461
1,0.774966,124.905,0.389256684575
1,0.777869,125.629,0.391099877688
1,0.780771,124.905,0.405230766849
1,0.783673,124.186,0.413061821672
1,0.786576,124.186,0.41292247906
1,0.789478,123.471,0.420536778708
1,0.792381,123.471,0.424957036028
1,0.795283,122.76,0.426554831318
1,0.798186,122.76,0.431694251343
1,0.801088,122.76,0.437799780148
1,0.803991,122.053,0.426892350091
1,0.806893,122.053,0.425813993095
1,0.809796,122.76,0.437042685287
1,0.812698,122.76,0.430599637709
1,0.815601,122.76,0.434884423044
1,0.818503,122.76,0.443119571444
1,0.821406,123.471,0.444194831937
1,0.824308,123.471,0.442325318553
1,0.827211,123.471,0.449073371627
1,0.830113,123.471,0.460422827416
1,0.833016,123.471,0.465836287913
1,0.835918,123.471,0.45159779529
1,0.838821,122.76,0.452310764991
1,0.841723,122.76,0.45633466999
1,0.844626,123.471,0.444237408847
1,0.847528,122.76,0.451605536546
1,0.850431,123.471,0.45242069083
1,0.853333,123.471,0.443480313985
1,0.856236,122.76,0.444540091966
1,0.859138,122.76,0.447056000248
1,0.862041,122.76,0.457530694081
1,0.864943,122.76,0.45636486089
1,0.867846,122.76,0.463976838161
1,0.870748,123.471,0.464476923315
1,0.873651,123.471,0.461392806825
1,0.876553,122.76,0.457512889192
1,0.879456,123.471,0.46720803852
1,0.882358,122.76,0.463203486662
1,0.885261,123.471,0.465165120996
1,0.888163,123.471,0.465142671353
1,0.891066,123.471,0.471981297125
1,0.893968,122.76,0.46751072164
1,0.896871,122.76,0.479892086888
1,0.899773,122.76,0.492160429795
1,0.902676,122.76,0.499710477016
1,0.905578,122.76,0.49541175742
1,0.908481,122.76,0.486886311911
1,0.911383,122.76,0.485162334144
2,0.711111,198.275,0.464504017712
2,0.714014,197.133,0.499375280621
2,0.716916,197.133,0.514793540696
2,0.719819,197.133,0.638684605738
2,0.722721,195.998,0.666533775101
2,0.725624,195.998,0.512989053864
2,0.728526,195.998,0.5041175742
2,0.731429,195.998,0.507564755609
2,0.734331,195.998,0.504348263636
2,0.737234,195.998,0.492610970908
2,0.740136,195.998,0.488013438821
2,0.743039,195.998,0.480429330072
2,0.745941,195.998,0.475122698912
2,0.748844,195.998,0.477740791776
2,0.751746,195.998,0.485340383037
2,0.754649,195.998,0.466108006007
2,0.757551,195.998,0.46261282881
2,0.760454,195.998,0.466451717785
2,0.763356,195.998,0.462416200901
2,0.766258,195.998,0.464911981916
2,0.769161,195.998,0.46782037189
2,0.772063,195.998,0.472249918717
2,0.774966,195.998,0.471660809116
2,0.777869,195.998,0.477532551983
2,0.780771,195.998,0.487760299741
2,0.783673,195.998,0.484342535107
2,0.786576,195.998,0.487162674759
2,0.789478,195.998,0.510522689622
2,0.792381,195.998,0.499002926195
2,0.795283,195.998,0.501106999644
2,0.798186,195.998,0.503578782765
2,0.801088,195.998,0.525816315472
2,0.803991,195.998,0.536455123938
2,0.806893,195.998,0.531029277431
2,0.809796,195.998,0.521981297125
2,0.812698,195.998,0.522362941058
2,0.815601,195.998,0.511410611714
2,0.818503,195.998,0.504992336156
2,0.821406,195.998,0.525090959761
2,0.824308,195.998,0.513955936769
2,0.827211,195.998,0.509602254254
2,0.830113,195.998,0.513553391444
2,0.833016,195.998,0.510004025453
2,0.835918,195.998,0.511309201257
2,0.838821,195.998,0.511205468423
2,0.841723,195.998,0.522298688631
2,0.844626,195.998,0.543431544071
2,0.847528,195.998,0.545681153138
2,0.850431,195.998,0.527130780783
2,0.853333,195.998,0.541838393535
2,0.856236,195.998,0.541449008345
2,0.859138,195.998,0.542841660345
2,0.862041,195.998,0.548670826302
2,0.864943,195.998,0.532703711158
2,0.867846,195.998,0.537886482218
2,0.870748,195.998,0.528429763582
2,0.873651,195.998,0.526568765579
2,0.876553,195.998,0.515340847513
2,0.879456,195.998,0.522410162721
2,0.882358,195.998,0.52143708681
2,0.885261,195.998,0.524203037669
2,0.888163,195.998,0.527587514902
2,0.891066,195.998,0.519165802226
2,0.893968,195.998,0.518336713682
2,0.896871,195.998,0.536865410519
2,0.899773,195.998,0.565936150118
2,0.902676,195.998,0.53596278004
2,0.905578,195.998,0.533556797597
2,0.908481,195.998,0.53748625927
2,0.911383,195.998,0.531603678645
2,0.914286,195.998,0.525426156157
2,0.917188,195.998,0.534948675471
2,0.920091,195.998,0.539737416588
2,0.922993,195.998,0.528497886637
2,0.925896,195.998,0.524228583815
2,0.928798,195.998,0.529991949093
2,0.931701,195.998,0.52402421465
2,0.934603,195.998,0.526804099769
2,0.937506,195.998,0.517953521497
2,0.940408,195.998,0.523032559724
2,0.943311,195.998,0.519645760114
2,0.946213,195.998,0.525149019183
2,0.949116,195.998,0.535842790568
2,0.952018,195.998,0.532066605769
2,0.954921,195.998,0.520514329065
2,0.957823,195.998,0.524268838347
2,0.960726,195.998,0.513810401152
2,0.963628,195.998,0.517548653796
2,0.966531,195.998,0.510323739336
2,0.969433,195.998,0.524287417362
2,0.972336,195.998,0.512639923207
2,0.975238,195.998,0.515729458577
2,0.978141,195.998,0.514422734521
2,0.981043,195.998,0.510009444333
2,0.983946,195.998,0.514899595906
2,0.986848,195.998,0.510237037266
2,0.989751,195.998,0.518658749942
2,0.992653,195.998,0.522538667575
2,0.995556,195.998,0.522781743021
2,0.998458,195.998,0.51970304541
2,1.00136,195.998,0.51751072164
2,1.00426,195.998,0.523242347768
2,1.00717,195.998,0.51503351964
2,1.01007,195.998,0.52757899952
2,1.01297,195.998,0.53009877843
2,1.01587,195.998,0.521732028674
2,1.01878,195.998,0.533756522008
2,1.02168,195.998,0.519981730635
2,1.02458,195.998,0.530886838316
2,1.02748,195.998,0.529693910728
2,1.03039,195.998,0.518167954296
2,1.03329,195.998,0.518220594838
2,1.03619,195.998,0.519954636238
2,1.03909,195.998,0.524342380281
2,1.042,195.998,0.518661846444
2,1.0449,195.998,0.511849540944
2,1.0478,195.998,0.515085386056
2,1.0507,195.998,0.519465388843
2,1.05361,195.998,0.514392543622
2,1.05651,195.998,0.515747263466
2,1.05941,195.998,0.532136277075
2,1.06231,195.998,0.516226447228
2,1.06522,195.998,0.517241325922
2,1.06812,195.998,0.519202960256
2,1.07102,195.998,0.5135913236
2,1.07392,195.998,0.514511758968
2,1.07683,195.998,0.509250027094
2,1.07973,195.998,0.522017681029
2,1.08263,195.998,0.510851693013
2,1.08553,195.998,0.516686277849
2,1.08844,195.998,0.510575330165
2,1.09134,195.998,0.514078248618
2,1.09424,195.998,0.51499094273
2,1.09714,195.998,0.507336388549
2,1.10005,195.998,0.505500936692
2,1.10295,195.998,0.512222669495
2,1.10585,195.998,0.517914041091
2,1.10875,195.998,0.51580145226
2,1.11166,195.998,0.513525522922
2,1.11456,195.998,0.525686262367
2,1.11746,195.998,0.523784235706
2,1.12036,195.998,0.525121924786
2,1.12327,195.998,0.532353806376
2,1.12617,195.998,0.536516279862
2,1.12907,195.998,0.541364628652
2,1.13197,195.998,0.542093854991
2,1.13488,195.998,0.549305609314
2,1.13778,195.998,0.551477031693
2,1.14068,195.998,0.537757977365
2,1.14358,195.998,0.533289724256
2,1.14649,195.998,0.521209493877
2,1.14939,195.998,0.526805648021
2,1.15229,195.998,0.512498258217
2,1.15519,195.998,0.51630927867
2,1.1581,195.998,0.511669169673
2,1.161,195.998,0.499400826766
2,1.1639,195.998,0.506997321525
2,1.1668,195.998,0.5059754757
2,1.16971,195.998,0.508590472062
2,1.17261,195.998,0.503621359674
2,1.17551,195.998,0.51174580811
2,1.17841,195.998,0.505222251467
2,1.18132,195.998,0.502788400502
2,1.18422,195.998,0.497570793788
2,1.18712,195.998,0.505130130518
2,1.19002,195.998,0.503648454071
2,1.19293,195.998,0.496639520661
2,1.19583,195.998,0.507998265959
2,1.19873,195.998,0.50133072195
2,1.20163,195.998,0.502025886761
2,1.20454,195.998,0.498978154175
2,1.20744,195.998,0.505017882302
2,1.21034,195.998,0.5039937141
2,1.21324,195.998,0.497594791683
2,1.21615,195.998,0.50172707427
2,1.21905,195.998,0.50764061992
2,1.22195,195.998,0.50396894208
2,1.22485,195.998,0.501806809209
2,1.22776,195.998,0.499562619022
2,1.23066,195.998,0.499314124696
2,1.23356,195.998,0.499248324018
2,1.23646,195.998,0.496195946678
2,1.23937,195.998,0.499989936367
2,1.24227,195.998,0.507002740405
2,1.24517,195.998,0.508948892226
2,1.24807,195.998,0.495545681153
2,1.25098,195.998,0.491729241821
2,1.25388,195.998,0.522890120609
2,1.25678,195.998,0.498194739042
2,1.25968,195.998,0.48273699856
2,1.26259,195.998,0.558424809178
2,1.26549,195.998,0.581705089102
2,1.26839,195.998,0.603543947112
2,1.27129,195.998,0.613254578953
2,1.27419,195.998,0.608553314032
2,1.2771,195.998,0.499131431049
2,1.28,195.998,0.498760624874
2,1.2829,195.998,0.585101178219
2,1.2858,195.998,0.573197448482
2,1.28871,195.998,0.53126306337
2,1.29161,195.998,0.505209091331
2,1.29451,195.998,0.515028874886
2,1.29742,195.998,0.503050829089
2,1.30032,195.998,0.506669866386
2,1.30322,195.998,0.493277493072
2,1.30612,195.998,0.494189413058
2,1.30902,195.998,0.492678319838
2,1.31193,195.998,0.493469476227
2,1.31483,195.998,0.486513957485
2,1.31773,195.998,0.494203347319
2,1.32063,195.998,0.499859883262
2,1.32354,195.998,0.492616389788
2,1.32644,195.998,0.491880970444
2,1.32934,195.998,0.491747820836
2,1.33224,195.998,0.494903156884
2,1.33515,195.998,0.490794872192
2,1.33805,195.998,0.48964684389
2,1.34095,195.998,0.490923377046
2,1.34385,195.998,0.488429918407
2,1.34676,195.998,0.482688228646
2,1.34966,195.998,0.484095589032
2,1.35256,195.998,0.487043459413
2,1.35546,195.998,0.496089117342
2,1.35837,195.998,0.483742587747
2,1.36127,195.998,0.487665856415
2,1.36417,195.998,0.493385096533
2,1.36707,195.998,0.47669959281
2,1.36998,195.998,0.481568842992
2,1.37288,195.998,0.480181609872
2,1.37578,195.998,0.486035547849
2,1.37868,195.998,0.478016380498
2,1.38159,195.998,0.477531777857
2,1.38449,195.998,0.473830683243
2,1.38739,197.133,0.500634008887
2,1.39029,197.133,0.591798139002
2,1.3932,194.869,0.571248200158
2,1.3961,194.869,0.5455108455
2,1.399,197.133,0.776169316757
2,1.4019,198.275,0.815874220068
2,1.40481,197.133,0.870395887845
2,1.40771,197.133,0.895787208348
2,1.41061,197.133,0.925652974965
2,1.41351,195.998,0.936335908591
2,1.41642,195.998,0.942559878617
2,1.41932,195.998,0.938619579185
2,1.42222,195.998,0.938046726223
2,1.42512,194.869,0.947676848999
2,1.42803,194.869,0.95752372695
2,1.43093,195.998,0.953173140937
2,1.43383,195.998,0.968973044946
2,1.43673,195.998,0.970335506046
2,1.43964,195.998,0.989348031399
2,1.44254,195.998,0.995811980368
2,1.44544,195.998,1.0
2,1.44834,195.998,0.99359798108
2,1.45125,195.998,0.989007416123
2,1.45415,195.998,0.987095325829
2,1.45705,194.869,0.975042189847
2,1.45995,194.869,0.963012277632
2,1.46286,195.998,0.954752357213
2,1.46576,195.998,0.943024353992
2,1.46866,195.998,0.950904952856
2,1.47156,195.998,0.938673767979
2,1.47447,195.998,0.919908962826
2,1.47737,194.869,0.922153927139
2,1.48027,195.998,0.916479586307
2,1.48317,195.998,0.915573859326
2,1.48608,194.869,0.91909613092
2,1.48898,194.869,0.910789762963
2,1.49188,195.998,0.932264007803
2,1.49478,195.998,0.944146836149
2,1.49769,195.998,0.943117249067
2,1.50059,195.998,0.963422564214
2,1.50349,195.998,0.965574633452
2,1.50639,194.869,0.958994565638
2,1.5093,195.998,0.974624162009
2,1.5122,195.998,0.982504760873
2,1.5151,195.998,0.977968384709
2,1.518,195.998,0.977952902197
2,1.52091,195.998,0.97559181904
2,1.52381,195.998,0.985369025685
2,1.52671,195.998,0.970529037452
2,1.52961,194.869,0.960960844726
2,1.53252,195.998,0.967811856508
2,1.53542,195.998,0.982187369366
2,1.53832,195.998,0.954651720881
2,1.54122,195.998,0.967177073495
2,1.54413,195.998,0.971457988202
2,1.54703,195.998,0.965079193051
2,1.54993,195.998,0.959776432519
2,1.55283,195.998,0.969321401477
2,1.55574,195.998,0.979160538172
2,1.55864,195.998,0.954194986762
2,1.56154,195.998,0.96720803852
2,1.56444,195.998,0.973044945734
2,1.56735,195.998,0.958104321169
2,1.57025,195.998,0.957624363282
2,1.57315,195.998,0.968632429671
2,1.57605,195.998,0.957864342225
2,1.57896,195.998,0.960357026738
2,1.58186,195.998,0.961719487838
2,1.58476,195.998,0.95145458205
2,1.58766,195.998,0.96262521482
2,1.59057,195.998,0.943798479617
2,1.59347,195.998,0.955696790475
2,1.59637,195.998,0.953095728375
2,1.59927,195.998,0.94412361238
2,1.60218,195.998,0.93505860131
2,1.60508,195.998,0.942544396105
2,1.60798,195.998,0.932116923934
2,1.61088,194.869,0.925567821146
2,1.61379,195.998,0.929492638065
2,1.61669,195.998,0.933657433928
2,1.61959,195.998,0.921364319002
2,1.62249,194.869,0.927526358978
2,1.6254,195.998,0.929020421434
2,1.6283,195.998,0.917679481026
2,1.6312,195.998,0.910859434269
2,1.6341,195.998,0.929972595953
2,1.63701,195.998,0.920079270464
2,1.63991,195.998,0.914103020638
2,1.64281,194.869,0.91587576832
2,1.64571,195.998,0.922293269752
2,1.64862,194.869,0.911943210144
2,1.65152,195.998,0.921108857545
2,1.65442,195.998,0.918051061326
2,1.65732,195.998,0.930932511728
2,1.66023,194.869,0.916642152689
2,1.66313,195.998,0.934346405735
2,1.66603,195.998,0.92927588289
2,1.66893,195.998,0.932883308303
2,1.67184,195.998,0.928648841134
2,1.67474,195.998,0.930034526003
2,1.67764,195.998,0.934694762266
2,1.68054,195.998,0.917315641982
2,1.68345,195.998,0.930475777609
2,1.68635,195.998,0.928114694453
2,1.68925,195.998,0.908328043475
2,1.69215,194.869,0.895926550961
2,1.69506,195.998,0.904333555249
2,1.69796,195.998,0.898945640899
2,1.70086,195.998,0.881434919259
2,1.70376,194.869,0.877510102339
2,1.70667,194.869,0.875559305764
2,1.70957,194.869,0.876914025608
2,1.71247,194.869,0.873809781851
2,1.71537,194.869,0.87123194352
2,1.71828,195.998,0.882023254734
2,1.72118,195.998,0.865735651582
2,1.72408,195.998,0.861075415318
2,1.72698,195.998,0.862894610537
2,1.72989,194.869,0.858907863568
2,1.73279,195.998,0.857483472418
2,1.73569,195.998,0.852993543792
2,1.73859,195.998,0.856531297899
2,1.7415,195.998,0.853032250074
2,1.7444,195.998,0.856337766493
2,1.7473,195.998,0.857522178699
2,1.7502,195.998,0.846235427085
2,1.75311,195.998,0.849262258279
2,1.75601,195.998,0.84286023936
2,1.75891,195.998,0.845469042716
2,1.76181,194.869,0.83583891994
2,1.76472,195.998,0.826139125857
2,1.76762,195.998,0.817476660112
2,1.77052,195.998,0.79162860549
2,1.77342,197.133,0.749119045039
2,1.77633,198.275,0.71144854387
2,1.77923,198.275,0.649492947716
2,1.78213,200.579,0.561837929059
2,1.78503,200.579,0.475139729675
2,1.78794,207.652,0.302356438403
3,0.931701,246.942,0.476524640419
3,0.934603,246.942,0.470721020607
3,0.937506,246.942,0.479587081392
3,0.940408,246.942,0.483743361873
3,0.943311,246.942,0.474769697627
3,0.946213,246.942,0.476931056372
3,0.949116,246.942,0.482121568688
3,0.952018,246.942,0.475774512688
3,0.954921,246.942,0.477990834353
3,0.957823,246.942,0.476069454551
3,0.960726,246.942,0.473495486848
3,0.963628,246.942,0.471681710508
3,0.966531,246.942,0.47073650312
3,0.969433,246.942,0.477545712118
3,0.972336,246.942,0.467522333524
3,0.975238,246.942,0.469498676245
3,0.978141,246.942,0.47097183731
3,0.981043,246.942,0.470615739522
3,0.983946,246.942,0.480747495704
3,0.986848,246.942,0.474288965613
3,0.989751,246.942,0.473790428711
3,0.992653,246.942,0.471103438666
3,0.995556,246.942,0.471322516218
3,0.998458,246.942,0.471791636347
3,1.00136,246.942,0.475251203765
3,1.00426,246.942,0.476372911796
3,1.00717,246.942,0.468696682098
3,1.01007,246.942,0.467522333524
3,1.01297,246.942,0.46546702999
3,1.01587,246.942,0.468693585595
3,1.01878,246.942,0.47625369645
3,1.02168,246.942,0.470447754262
3,1.02458,246.942,0.475268234529
3,1.02748,246.942,0.475852699376
3,1.03039,246.942,0.484395949775
3,1.03329,246.942,0.478082955302
3,1.03619,246.942,0.480927092849
3,1.03909,246.942,0.480894579572
3,1.042,246.942,0.484540711267
3,1.0449,246.942,0.483806840174
3,1.0478,246.942,0.482973881001
3,1.0507,246.942,0.479260400378
3,1.05361,246.942,0.492470080045
3,1.05651,246.942,0.494379073836
3,1.05941,246.942,0.480937156482
3,1.06231,246.942,0.477096719256
3,1.06522,246.942,0.48486042515
3,1.06812,246.942,0.479119509514
3,1.07102,246.942,0.473116939417
3,1.07392,246.942,0.478775023611
3,1.07683,246.942,0.474004861509
3,1.07973,246.942,0.473658827355
3,1.08263,246.942,0.470601805261
3,1.08553,246.942,0.480399913298
3,1.08844,246.942,0.480179287495
3,1.09134,246.942,0.467081081918
3,1.09424,246.942,0.467507625137
3,1.09714,246.942,0.473547353264
3,1.10005,246.942,0.479511991206
3,1.10295,246.942,0.471113502299
3,1.10585,246.942,0.479098608122
3,1.10875,246.942,0.470852621963
3,1.11166,246.942,0.471895369181
3,1.11456,246.942,0.478045023146
3,1.11746,246.942,0.48283608664
3,1.12036,246.942,0.491453653099
3,1.12327,246.942,0.489243524439
3,1.12617,246.942,0.492526591215
3,1.12907,246.942,0.488515072226
3,1.13197,246.942,0.484595674186
3,1.13488,246.942,0.491337534255
3,1.13778,245.519,0.490663270836
3,1.14068,246.942,0.491255476939
3,1.14358,245.519,0.484772174829
3,1.14649,246.942,0.491592995711
3,1.14939,246.942,0.481849850594
3,1.15229,246.942,0.482017061729
3,1.15519,246.942,0.485650033287
3,1.1581,246.942,0.473865518896
3,1.161,246.942,0.473168031708
3,1.1639,246.942,0.471680162257
3,1.1668,246.942,0.474614098376
3,1.16971,246.942,0.464932109183
3,1.17261,246.942,0.463882394835
3,1.17551,246.942,0.470907584883
3,1.17841,246.942,0.463501525027
3,1.18132,246.942,0.45985771571
3,1.18422,246.942,0.459545743083
3,1.18712,246.942,0.459430398365
3,1.19002,246.942,0.460051247116
3,1.19293,246.942,0.460655065104
3,1.19583,246.942,0.468812800941
3,1.19873,246.942,0.458923346081
3,1.20163,246.942,0.460316772206
3,1.20454,246.942,0.461021226525
3,1.20744,246.942,0.457324776665
3,1.21034,246.942,0.467062502903
3,1.21324,246.942,0.456561488798
3,1.21615,246.942,0.463291736983
3,1.21905,246.942,0.448648376659
3,1.22195,246.942,0.460518044868
3,1.22485,246.942,0.454211243401
3,1.22776,246.942,0.452640542507
3,1.23066,246.942,0.454905634086
3,1.23356,246.942,0.455366238833
3,1.23646,246.942,0.462515288981
3,1.23937,246.942,0.454313427983
3,1.24227,246.942,0.454578953073
3,1.24517,245.519,0.456434532196
3,1.24807,245.519,0.458242889656
3,1.25098,245.519,0.448495099785
3,1.25388,245.519,0.450672715168
3,1.25678,246.942,0.458255275666
3,1.25968,246.942,0.452944773878
3,1.26259,246.942,0.450090572698
3,1.26549,248.372,0.448902289864
3,1.26839,246.942,0.456968678877
3,1.27129,246.942,0.45629054483
3,1.27419,246.942,0.452311539117
3,1.2771,246.942,0.44816145164
3,1.28,246.942,0.448997507315
3,1.2829,245.519,0.445917261453
3,1.2858,245.519,0.443423802815
3,1.28871,245.519,0.44746086795
3,1.29161,246.942,0.456811531375
3,1.29451,246.942,0.454990787905
3,1.29742,246.942,0.454287107712
3,1.30032,246.942,0.459235318708
3,1.30322,246.942,0.464436668783
3,1.30612,246.942,0.472887798232
3,1.30902,245.519,0.459508585053
3,1.31193,246.942,0.461464800508
3,1.31483,246.942,0.455286503894
3,1.31773,246.942,0.459169518029
3,1.32063,246.942,0.463545650188
3,1.32354,246.942,0.454407097184
3,1.32644,246.942,0.463787177383
3,1.32934,246.942,0.451501803713
3,1.33224,246.942,0.453968167954
3,1.33515,246.942,0.449264580656
3,1.33805,246.942,0.44634070817
3,1.34095,246.942,0.445925002709
3,1.34385,246.942,0.445031661738
3,1.34676,246.942,0.448882162597
3,1.34966,246.942,0.43809859264
3,1.35256,246.942,0.442928362415
3,1.35546,246.942,0.437182802025
3,1.35837,246.942,0.435290838997
3,1.36127,246.942,0.439718063447
3,1.36417,246.942,0.430900772577
3,1.36707,246.942,0.432126213442
3,1.36998,246.942,0.432693647525
3,1.37288,246.942,0.433229342458
3,1.37578,246.942,0.432964591494
3,1.37868,246.942,0.436897923795
3,1.38159,246.942,0.444584217127
4,1.3961,97.4344,0.518133892768
4,1.399,97.9989,0.70144916317
4,1.4019,98.5666,0.793292975584
4,1.40481,98.5666,0.885646162659
4,1.40771,99.7118,0.7592260292
4,1.41061,99.1376,0.810981746118
4,1.41351,99.1376,0.798077071947
4,1.41642,98.5666,0.793246528047
4,1.41932,98.5666,0.830079425289
4,1.42222,98.5666,0.910271098794
4,1.42512,97.9989,0.963383857932
4,1.42803,97.9989,0.951137190543
4,1.43093,97.4344,0.7757899952
4,1.43383,97.9989,0.707066992832
4,1.43673,97.9989,0.701432132406
4,1.43964,97.9989,0.70180139033
4,1.44254,97.9989,0.725104894022
4,1.44544,97.9989,0.744734397498
4,1.44834,97.4344,0.781208874576
4,1.45125,97.4344,0.742861013485
4,1.45415,97.9989,0.880196318259
4,1.45705,97.9989,0.875218690489
4,1.45995,97.9989,0.877432689777
4,1.46286,97.4344,0.875559305764
4,1.46576,97.9989,0.840971372834
4,1.46866,97.9989,0.870248803976
4,1.47156,97.9989,0.875745095914
4,1.47447,97.9989,0.871061635882
4,1.47737,97.9989,0.85657000418
4,1.48027,97.4344,0.852567774698
4,1.48317,97.4344,0.805663503073
4,1.48608,97.4344,0.848426202604
4,1.48898,97.4344,0.84800043351
4,1.49188,97.4344,0.805051943829
4,1.49478,97.9989,0.85706544458
4,1.49769,97.9989,0.866022078063
4,1.50059,97.9989,0.885321029897
4,1.50349,97.4344,0.850291845361
4,1.50639,97.9989,0.885684868941
4,1.5093,97.9989,0.87961572404
4,1.5122,97.4344,0.852529068417
4,1.5151,97.9989,0.886698973509
4,1.518,97.9989,0.880080199415
4,1.52091,97.9989,0.881280094134
4,1.52381,97.4344,0.827679635851
4,1.52671,97.9989,0.878400346808
4,1.52961,97.9989,0.866757497407
4,1.53252,97.9989,0.854263109817
4,1.53542,97.9989,0.886784127328
4,1.53832,97.9989,0.859163325024
4,1.54122,97.9989,0.876209571289
4,1.54413,97.4344,0.846684419948
4,1.54703,97.9989,0.886590595922
4,1.54993,97.9989,0.868367678707
4,1.55283,97.9989,0.859294926381
4,1.55574,97.9989,0.875149019183
4,1.55864,97.9989,0.866966511325
4,1.56154,97.9989,0.873043397483
4,1.56444,97.4344,0.832355354627
4,1.56735,97.9989,0.875164501695
4,1.57025,97.9989,0.868956014182
4,1.57315,97.9989,0.860216135875
4,1.57605,97.9989,0.854975305393
4,1.57896,97.9989,0.86538729505
4,1.58186,97.9989,0.862863645512
4,1.58476,97.4344,0.83528154949
4,1.58766,97.9989,0.869180510613
4,1.59057,97.9989,0.85341157163
4,1.59347,97.9989,0.83856384214
4,1.59637,97.9989,0.83720138104
4,1.59927,97.9989,0.838966387465
4,1.60218,97.9989,0.831170942421
4,1.60508,97.4344,0.811786836768
4,1.60798,97.9989,0.837271052346
4,1.61088,97.9989,0.831263837496
4,1.61379,97.9989,0.825961076964
4,1.61669,97.4344,0.814434346406
4,1.61959,97.9989,0.831828949202
4,1.62249,97.4344,0.833593955627
4,1.6254,97.4344,0.812274535912
4,1.6283,97.9989,0.835180913159
4,1.6312,97.9989,0.821633714719
4,1.6341,97.9989,0.825132762545
4,1.63701,97.4344,0.817732121569
4,1.63991,97.9989,0.830644536995
4,1.64281,97.4344,0.833624920652
4,1.64571,97.4344,0.804719069811
4,1.64862,97.9989,0.83596278004
4,1.65152,97.9989,0.829026614439
4,1.65442,97.9989,0.829692362477
4,1.65732,97.4344,0.812166158324
4,1.66023,97.9989,0.822686525569
4,1.66313,97.9989,0.83086129217
4,1.66603,97.4344,0.804633915992
4,1.66893,97.9989,0.835389927077
4,1.67184,97.9989,0.823298084813
4,1.67474,97.9989,0.832517921008
4,1.67764,97.4344,0.808806453111
4,1.68054,97.9989,0.811035934912
4,1.68345,97.4344,0.829630432427
4,1.68635,97.4344,0.788702410627
4,1.68925,97.9989,0.816090975243
4,1.69215,97.9989,0.793811639753
4,1.69506,97.9989,0.783252566226
4,1.69796,97.4344,0.76668085897
4,1.70086,97.9989,0.787022558021
4,1.70376,97.4344,0.791148647603
4,1.70667,97.4344,0.768064995587
4,1.70957,97.4344,0.793192339253
4,1.71247,97.9989,0.775279072288
4,1.71537,97.4344,0.780550867795
4,1.71828,97.4344,0.776835064794
4,1.72118,97.9989,0.774953939525
4,1.72408,97.9989,0.784398272152
4,1.72698,97.4344,0.771885305547
4,1.72989,97.4344,0.786248432396
4,1.73279,97.9989,0.767865271176
4,1.73569,97.4344,0.767324157364
4,1.73859,97.4344,0.757356515815
4,1.7415,97.9989,0.766180773816
4,1.7444,97.9989,0.776486708263
4,1.7473,97.9989,0.755600024772
4,1.7502,97.4344,0.774907491988
4,1.75311,97.9989,0.762048491229
4,1.75601,97.9989,0.750880180836
4,1.75891,97.4344,0.736132313552
4,1.76181,97.9989,0.760679837124
4,1.76472,97.9989,0.756690767778
4,1.76762,97.9989,0.734896809054
4,1.77052,97.9989,0.738034340213
4,1.77342,97.9989,0.703749864528
4,1.77633,98.5666,0.665409744693
4,1.77923,98.5666,0.587494000526
4,1.78213,99.7118,0.539639102634
4,1.78503,99.7118,0.485468113766
4,1.78794,98.5666,0.307905370884
4,1.79084,100.289,0.244060908204
5,1.79955,124.186,0.35772732199
5,1.80245,126.357,0.333521187818
5,1.80535,132.333,0.342601681401
5,1.80825,133.099,0.375571691774
5,1.81116,131.571,0.457982783446
5,1.81406,130.059,0.498544643825
5,1.81696,127.089,0.533732524114
5,1.81986,127.825,0.459004629271
5,1.82277,127.825,0.460202201613
5,1.82567,130.813,0.368078155723
5,1.82857,130.059,0.382222979145
5,1.83147,130.059,0.440923377046
5,1.83438,130.813,0.557883695366
5,1.83728,130.813,0.618273235381
5,1.84018,131.571,0.599746086795
5,1.84308,131.571,0.571999102014
5,1.84599,131.571,0.548360401926
5,1.84889,131.571,0.54217900881
5,1.85179,131.571,0.545232934401
5,1.85469,131.571,0.575767545557
5,1.8576,131.571,0.584962609732
5,1.8605,131.571,0.600575175339
5,1.8634,131.571,0.633768133893
5,1.8663,130.813,0.655959993188
5,1.86921,130.813,0.663246837697
5,1.87211,130.813,0.676249825822
5,1.87501,130.813,0.686581306414
5,1.87791,130.813,0.686675749741
5,1.88082,130.813,0.686030128969
5,1.88372,130.813,0.703484339439
5,1.88662,130.813,0.703182430445
5,1.88952,130.813,0.704098221059
5,1.89243,130.813,0.695687346143
5,1.89533,130.813,0.699886203533
5,1.89823,130.813,0.706832432767
5,1.90113,130.813,0.692429825512
5,1.90404,130.813,0.698509808172
5,1.90694,130.813,0.69652649832
5,1.90984,130.813,0.697379584759
5,1.91274,130.813,0.700983139544
5,1.91565,130.813,0.698891452105
5,1.91855,130.813,0.699513849107
5,1.92145,130.813,0.696845438078
5,1.92435,130.813,0.698624378764
5,1.92726,130.813,0.695284026692
5,1.93016,130.813,0.70151109322
5,1.93306,130.813,0.695846816021
5,1.93596,130.813,0.697247983403
5,1.93887,130.813,0.70144219604
5,1.94177,130.813,0.69887287309
5,1.94467,130.813,0.699713573519
5,1.94757,130.813,0.705739367385
5,1.95048,130.813,0.706110947685
5,1.95338,130.813,0.699705058137
5,1.95628,130.813,0.707211754323
5,1.95918,130.813,0.693162148353
5,1.96209,130.813,0.688817755345
5,1.96499,130.813,0.689118116088
5,1.96789,130.813,0.688837882612
5,1.97079,130.813,0.69614253201
5,1.9737,130.813,0.694041555064
5,1.9766,130.813,0.68824180588
5,1.9795,130.813,0.685606682252
5,1.9824,130.813,0.676147641239
5,1.98531,130.813,0.675325519825
5,1.98821,130.813,0.65273730821
5,1.99111,131.571,0.650551951571
5,1.99401,130.813,0.628730124325
5,1.99692,131.571,0.632147114834
5,1.99982,130.813,0.627685828856
5,2.00272,131.571,0.603317128304
5,2.00562,131.571,0.583122513121
5,2.00853,131.571,0.579230209478
5,2.01143,131.571,0.552673829909
5,2.01433,131.571,0.521462632956
5,2.01723,130.813,0.518490764681
5,2.02014,130.813,0.500289522984
5,2.02304,130.813,0.498657666166
5,2.02594,130.813,0.494426295499
6,1.99692,195.998,0.571211042128
6,1.99982,195.998,0.562406911394
6,2.00272,195.998,0.554490702751
6,2.00562,195.998,0.55196240846
6,2.00853,195.998,0.565063710539
6,2.01143,195.998,0.563015374135
6,2.01433,195.998,0.550814380158
6,2.01723,195.998,0.546909690505
6,2.02014,195.998,0.545543358776
6,2.02304,195.998,0.547654399356
6,2.02594,195.998,0.542574587004
6,2.02884,195.998,0.551425939401
6,2.03175,195.998,0.546973942931
6,2.03465,195.998,0.54852606481
6,2.03755,195.998,0.554446577591
6,2.04045,195.998,0.548362724303
6,2.04336,195.998,0.544494418554
6,2.04626,195.998,0.544691046463
6,2.04916,195.998,0.563346699902
6,2.05206,195.998,0.550908049358
6,2.05497,195.998,0.542874173621
6,2.05787,195.998,0.552929291365
6,2.06077,195.998,0.543464057347
6,2.06367,195.998,0.547138057564
6,2.06658,195.998,0.557407608107
6,2.06948,195.998,0.545941259348
6,2.07238,195.998,0.552862716562
6,2.07528,195.998,0.546414250105
6,2.07819,195.998,0.551151124805
6,2.08109,195.998,0.545822818127
6,2.08399,195.998,0.554376132159
6,2.08689,195.998,0.546800538791
6,2.0898,195.998,0.55043351035
6,2.0927,195.998,0.561776773135
6,2.0956,195.998,0.56217931846
6,2.0985,195.998,0.55471210268
6,2.10141,195.998,0.545614578334
6,2.10431,195.998,0.551957763706
6,2.10721,195.998,0.549156203069
6,2.11011,195.998,0.562646116212
6,2.11302,195.998,0.554873894936
6,2.11592,195.998,0.552801560637
6,2.11882,195.998,0.545872362167
6,2.12172,195.998,0.554022356748
6,2.12463,195.998,0.563876975956
6,2.12753,195.998,0.546459149391
6,2.13043,195.998,0.56155459908
6,2.13333,195.998,0.546093762096
6,2.13624,195.998,0.547686912632
6,2.13914,195.998,0.552295282478
6,2.14204,195.998,0.554128411959
6,2.14494,195.998,0.555974701575
6,2.14785,195.998,0.556127978448
6,2.15075,195.998,0.54601867191
6,2.15365,195.998,0.552889036833
6,2.15655,195.998,0.569179736488
6,2.15946,195.998,0.555051169704
6,2.16236,195.998,0.553934880552
6,2.16526,195.998,0.554616111103
6,2.16816,195.998,0.551236278623
6,2.17107,195.998,0.560311353326
6,2.17397,195.998,0.55588877363
6,2.17687,195.998,0.552063044791
6,2.17977,195.998,0.549590487544
6,2.18268,195.998,0.549916394432
6,2.18558,195.998,0.542429051386
6,2.18848,195.998,0.551603988295
6,2.19138,195.998,0.540516961092
6,2.19429,195.998,0.538796079828
6,2.19719,195.998,0.537574509591
6,2.20009,195.998,0.543618108347
6,2.20299,195.998,0.544468872409
6,2.2059,195.998,0.533534347954
6,2.2088,195.998,0.532973106876
6,2.2117,195.998,0.540346653455
6,2.2146,195.998,0.539295390856
6,2.21751,195.998,0.539088699314
6,2.22041,195.998,0.541092910558
6,2.22331,195.998,0.535434052238
6,2.22621,195.998,0.538029695459
6,2.22912,195.998,0.540542507238
6,2.23202,195.998,0.549859883262
6,2.23492,195.998,0.54264425831
6,2.23782,195.998,0.550131601356
6,2.24073,195.998,0.539753673226
6,2.24363,195.998,0.536928114694
6,2.24653,195.998,0.531544845097
6,2.24943,195.998,0.545930421589
6,2.25234,195.998,0.543093251173
6,2.25524,195.998,0.544824196071
6,2.25814,195.998,0.545892489433
6,2.26104,195.998,0.53479307622
6,2.26395,195.998,0.541500874762
6,2.26685,195.998,0.530087940671
6,2.26975,195.998,0.534623542709
6,2.27265,195.998,0.52991995541
6,2.27556,195.998,0.535471984394
6,2.27846,195.998,0.533848642958
6,2.28136,195.998,0.529276657016
6,2.28426,195.998,0.527435786279
6,2.28717,195.998,0.531554134605
6,2.29007,195.998,0.525014321324
6,2.29297,195.998,0.528692192169
6,2.29587,195.998,0.524326897769
6,2.29878,195.998,0.520435368252
6,2.30168,195.998,0.526244406942
6,2.30458,195.998,0.523558965149
6,2.30748,195.998,0.523327501587
6,2.31039,195.998,0.528103856694
6,2.31329,195.998,0.521715772035
6,2.31619,195.998,0.522475963399
6,2.31909,195.998,0.522081933456
6,2.322,195.998,0.524329220146
6,2.3249,195.998,0.523764882565
6,2.3278,195.998,0.517685674031
6,2.3307,195.998,0.518840669464
6,2.33361,195.998,0.523157193949
6,2.33651,195.998,0.521246651907
6,2.33941,195.998,0.516566288377
6,2.34231,195.998,0.519081422533
6,2.34522,195.998,0.521009769465
6,2.34812,195.998,0.522178699159
6,2.35102,195.998,0.514564399511
6,2.35392,195.998,0.512635278453
6,2.35683,195.998,0.515236340553
6,2.35973,195.998,0.518465218536
6,2.36263,195.998,0.520429949372
6,2.36553,195.998,0.517603616715
6,2.36844,195.998,0.520142748765
6,2.37134,195.998,0.516322438805
6,2.37424,195.998,0.514202108718
6,2.37714,195.998,0.51484231061
6,2.38005,195.998,0.507810927557
6,2.38295,195.998,0.513168651009
6,2.38585,195.998,0.510432116924
6,2.38875,195.998,0.508725944046
6,2.39166,195.998,0.508846707644
6,2.39456,195.998,0.513505395656
6,2.39746,195.998,0.517082630169
6,2.40036,195.998,0.515275046835
6,2.40327,195.998,0.514653423958
6,2.40617,195.998,0.515830094908
6,2.40907,195.998,0.516535323352
6,2.41197,195.998,0.511833284305
6,2.41488,195.998,0.508441839942
6,2.41778,195.998,0.51544225797
6,2.42068,195.998,0.513364504792
6,2.42358,195.998,0.513122203471
6,2.42649,195.998,0.507188530555
6,2.42939,195.998,0.508605180449
6,2.43229,195.998,0.510095372277
6,2.43519,195.998,0.511185341157
6,2.4381,195.998,0.509256994225
6,2.441,195.998,0.507642168171
6,2.4439,195.998,0.51025948691
6,2.4468,195.998,0.505076715849
6,2.44971,195.998,0.510277291799
6,2.45261,195.998,0.507810927557
6,2.45551,195.998,0.508760779699
6,2.45841,195.998,0.505893418384
6,2.46132,195.998,0.501158866061
6,2.46422,195.998,0.500726129836
6,2.46712,195.998,0.507124278128
6,2.47002,195.998,0.527942064438
6,2.47293,195.998,0.552322376875
6,2.47583,194.869,0.553329514314
6,2.47873,194.869,0.567078759541
6,2.48163,194.869,0.60591896453
6,2.48454,194.869,0.651130997538
6,2.48744,195.998,0.653694901609
6,2.49034,195.998,0.686103670904
6,2.49324,195.998,0.6669657372
6,2.49615,195.998,0.71598724241
6,2.49905,195.998,0.74825357259
6,2.50195,195.998,0.777291798913
6,2.50485,194.869,0.8196906594
6,2.50776,194.869,0.827246125501
6,2.51066,194.869,0.819574540556
6,2.51356,194.869,0.810509529486
6,2.51646,195.998,0.796226911703
6,2.51937,195.998,0.777872393132
6,2.52227,195.998,0.762932542693
6,2.52517,197.133,0.735394571831
6,2.52807,197.133,0.732214463763
6,2.53098,197.133,0.740169378687
6,2.53388,197.133,0.777075043738
6,2.53678,195.998,0.793571660809
6,2.53968,195.998,0.828376348914
6,2.54259,194.869,0.830961928502
6,2.54549,195.998,0.833663626933
6,2.54839,195.998,0.826433293595
6,2.55129,194.869,0.816307730418
6,2.55419,195.998,0.805237733979
6,2.5571,194.869,0.798247379585
6,2.56,194.869,0.790126801777
6,2.5629,194.869,0.782803573364
6,2.5658,195.998,0.780055427395
6,2.56871,194.869,0.768050287201
6,2.57161,194.869,0.762541609252
6,2.57451,194.869,0.76050178823
6,2.57741,194.869,0.774280450231
6,2.58032,194.869,0.775317778569
6,2.58322,194.869,0.792364024834
6,2.58612,194.869,0.799493721841
6,2.58903,194.869,0.792155010915
6,2.59193,194.869,0.800639427766
6,2.59483,195.998,0.811817801793
6,2.59773,195.998,0.820402854975
6,2.60063,194.869,0.822438805369
6,2.60354,194.869,0.824861818576
6,2.60644,195.998,0.838354828222
6,2.60934,195.998,0.835258325721
6,2.61224,195.998,0.839221848922
6,2.61515,195.998,0.833191410302
6,2.61805,195.998,0.832750158696
6,2.62095,195.998,0.827052594095
6,2.62385,195.998,0.829359488458
6,2.62676,195.998,0.824939231138
6,2.62966,195.998,0.818181114431
6,2.63256,194.869,0.811175277524
6,2.63546,194.869,0.800244623698
6,2.63837,194.869,0.799447274304
6,2.64127,194.869,0.795189583366
6,2.64417,194.869,0.784785334964
6,2.64707,194.869,0.773409558903
6,2.64998,194.869,0.769029556116
6,2.65288,194.869,0.767825790769
6,2.65578,194.869,0.765389617427
6,2.65868,195.998,0.771039186239
6,2.66159,195.998,0.778011735744
6,2.66449,195.998,0.770906036632
6,2.66739,195.998,0.786999334252
6,2.67029,195.998,0.774404310331
6,2.6732,195.998,0.783794454164
6,2.6761,195.998,0.781177909551
6,2.679,195.998,0.777299540169
6,2.6819,195.998,0.781843657589
6,2.68481,195.998,0.766814782703
6,2.68771,195.998,0.765499543266
6,2.69061,195.998,0.767789406865
6,2.69351,194.869,0.754659462138
6,2.69642,195.998,0.751086098252
6,2.69932,195.998,0.74387589218
6,2.70222,194.869,0.741651055133
6,2.70512,194.869,0.738200003097
6,2.70803,195.998,0.738596355417
6,2.71093,195.998,0.740362910093
6,2.71383,194.869,0.724359411045
6,2.71673,194.869,0.739363513911
6,2.71964,195.998,0.733843998204
6,2.72254,194.869,0.724501076035
6,2.72544,194.869,0.718849184846
6,2.72834,195.998,0.726362074037
6,2.73125,195.998,0.723076684884
6,2.73415,194.869,0.714630200189
6,2.73705,194.869,0.721166916967
6,2.73995,195.998,0.712565607147
6,2.74286,194.869,0.70504652495
6,2.74576,194.869,0.704776355107
6,2.74866,195.998,0.706269643438
6,2.75156,195.998,0.705381721346
6,2.75447,194.869,0.69800585239
6,2.75737,195.998,0.72399944263
6,2.76027,195.998,0.710548235768
6,2.76317,195.998,0.711011162892
6,2.76608,194.869,0.701948474198
6,2.76898,195.998,0.708245212033
6,2.77188,195.998,0.707530694081
6,2.77478,194.869,0.70403087213
6,2.77769,194.869,0.697074579263
6,2.78059,195.998,0.713911037483
6,2.78349,195.998,0.700047995789
6,2.78639,194.869,0.697606403567
6,2.7893,195.998,0.696216073944
6,2.7922,195.998,0.681164749416
6,2.7951,194.869,0.67687299695
6,2.798,194.869,0.682098344919
6,2.80091,195.998,0.671948783849
6,2.80381,194.869,0.66138119494
6,2.80671,194.869,0.663973741659
6,2.80961,194.869,0.659219062069
6,2.81252,194.869,0.663278576847
6,2.81542,194.869,0.650645620771
6,2.81832,195.998,0.652758983728
6,2.82122,195.998,0.647600210562
6,2.82413,194.869,0.637596185109
6,2.82703,194.869,0.634057656877
6,2.82993,195.998,0.637633343139
6,2.83283,195.998,0.637835389927
6,2.83574,194.869,0.632736224435
6,2.83864,194.869,0.626367492917
6,2.84154,195.998,0.631685735961
6,2.84444,195.998,0.626196411154
6,2.84735,194.869,0.620591741628
6,2.85025,195.998,0.626677917292
6,2.85315,195.998,0.621545464398
6,2.85605,194.869,0.611457059252
6,2.85896,194.869,0.611976497546
6,2.86186,195.998,0.614987072102
6,2.86476,195.998,0.608292433696
6,2.86766,194.869,0.601405812135
6,2.87057,195.998,0.606884299184
6,2.87347,195.998,0.598854294075
6,2.87637,194.869,0.588932325938
6,2.87927,194.869,0.58390670238
6,2.88218,194.869,0.578576847451
6,2.88508,194.869,0.563573518711
6,2.88798,194.869,0.548404527087
6,2.89088,195.998,0.528113146201
6,2.89379,197.133,0.495794175479
6,2.89669,198.275,0.484289120438
6,2.89959,201.741,0.398923965381
6,2.90249,204.085,0.409157132019
6,2.9054,205.267,0.410196008608
6,2.9083,205.267,0.437159578256
6,2.9112,202.91,0.4608664014
6,2.9141,202.91,0.458491383982
6,2.91701,201.741,0.460814534983
6,2.91991,201.741,0.462215702364
7,2.01143,391.995,0.517482078992
7,2.01433,391.995,0.500205917416
7,2.01723,391.995,0.494019879546
7,2.02014,391.995,0.493482636362
7,2.02304,391.995,0.48936196566
7,2.02594,391.995,0.482368514763
7,2.02884,391.995,0.495150102959
7,2.03175,391.995,0.489779219372
7,2.03465,391.995,0.486514731611
7,2.03755,391.995,0.487497097029
7,2.04045,391.995,0.483049745313
7,2.04336,391.995,0.481848302343
7,2.04626,391.995,0.482093700166
7,2.04916,391.995,0.497031228228
7,2.05206,391.995,0.483970954807
7,2.05497,391.995,0.480944897738
7,2.05787,391.995,0.493352583257
7,2.06077,391.995,0.486512409234
7,2.06367,391.995,0.483682980074
7,2.06658,391.995,0.492278871015
7,2.06948,391.995,0.484461750453
7,2.07238,391.995,0.497624982582
7,2.07528,391.995,0.487997182183
7,2.07819,391.995,0.48851971698
7,2.08109,391.995,0.486273978541
7,2.08399,391.995,0.496514886436
7,2.08689,391.995,0.484399046277
7,2.0898,391.995,0.48974593197
7,2.0927,391.995,0.498353434795
7,2.0956,391.995,0.496023316664
7,2.0985,391.995,0.491928192107
7,2.10141,391.995,0.486020065336
7,2.10431,391.995,0.494326433294
7,2.10721,391.995,0.489214107665
7,2.11011,391.995,0.494349657062
7,2.11302,391.995,0.485431729861
7,2.11592,391.995,0.485289290746
7,2.11882,391.995,0.490431033148
7,2.12172,391.995,0.497186053353
7,2.12463,391.995,0.50027249222
7,2.12753,391.995,0.481741473006
7,2.13043,391.995,0.494814132437
7,2.13333,391.995,0.493765192215
7,2.13624,391.995,0.496741705244
7,2.13914,391.995,0.493244979795
7,2.14204,391.995,0.495092817662
7,2.14494,391.995,0.498292278871
7,2.14785,391.995,0.493763643964
7,2.15075,391.995,0.48824722476
7,2.15365,391.995,0.494074842465
7,2.15655,391.995,0.500018579015
7,2.15946,391.995,0.488803821084
7,2.16236,391.995,0.489403768444
7,2.16526,391.995,0.499447274304
7,2.16816,391.995,0.495107526049
7,2.17107,391.995,0.496596943752
7,2.17397,391.995,0.494237408847
7,2.17687,391.995,0.492282741643
7,2.17977,391.995,0.4973989379
7,2.18268,391.995,0.493400579046
7,2.18558,391.995,0.480753688709
7,2.18848,391.995,0.494089550852
7,2.19138,391.995,0.48327501587
7,2.19429,391.995,0.481617612906
7,2.19719,391.995,0.480015946988
7,2.20009,391.995,0.484033658982
7,2.20299,391.995,0.480437845454
7,2.2059,391.995,0.468392450727
7,2.2088,391.995,0.469586926566
7,2.2117,391.995,0.482053445633
7,2.2146,391.995,0.491724597068
7,2.21751,391.995,0.490039325582
7,2.22041,391.995,0.499623774946
7,2.22331,391.995,0.501865642757
7,2.22621,391.995,0.509149390763
7,2.22912,391.995,0.517901655081
7,2.23202,391.995,0.509849200328
7,2.23492,391.995,0.510842403505
7,2.23782,391.995,0.519060521141
7,2.24073,391.995,0.511407515212
7,2.24363,391.995,0.502521327161
7,2.24653,391.995,0.490578117017
7,2.24943,391.995,0.502072334298
7,2.25234,391.995,0.497270433046
7,2.25524,391.995,0.493393611915
7,2.25814,391.995,0.49364055799
7,2.26104,391.995,0.480656923005
7,2.26395,391.995,0.486246110019
7,2.26685,391.995,0.475930111939
7,2.26975,391.995,0.482008546347
7,2.27265,391.995,0.475961076964
7,2.27556,391.995,0.478713867686
7,2.27846,391.995,0.473711467897
7,2.28136,391.995,0.468511666073
7,2.28426,391.995,0.465542894301
7,2.28717,391.995,0.470139652263
7,2.29007,391.995,0.46084162938
7,2.29297,391.995,0.462682500116
7,2.29587,391.995,0.458883865674
7,2.29878,391.995,0.454023130874
7,2.30168,391.995,0.460932202078
7,2.30458,391.995,0.457784607286
7,2.30748,391.995,0.452597965598
7,2.31039,391.995,0.464972363715
7,2.31329,391.995,0.457020545294
7,2.31619,391.995,0.45751675982
7,2.31909,391.995,0.456972549505
7,2.322,391.995,0.454404774807
7,2.3249,391.995,0.459977705182
7,2.3278,391.995,0.451809905711
7,2.3307,391.995,0.453921720417
7,2.33361,391.995,0.459186548793
7,2.33651,391.995,0.456949325737
7,2.33941,391.995,0.451286596789
7,2.34231,391.995,0.454624626484
7,2.34522,391.995,0.457054606822
7,2.34812,391.995,0.458588923811
7,2.35102,391.995,0.449684156745
7,2.35392,391.995,0.448032946787
7,2.35683,391.995,0.459377757823
7,2.35973,391.995,0.466954125315
7,2.36263,391.995,0.469006332348
7,2.36553,391.995,0.466304633916
7,2.36844,391.995,0.476726687207
7,2.37134,391.995,0.472110576104
7,2.37424,391.995,0.469781232098
7,2.37714,391.995,0.469620213968
7,2.38005,391.995,0.458694204896
7,2.38295,391.995,0.464146371673
7,2.38585,391.995,0.460518044868
8,2.48744,97.9989,0.59768381613
8,2.49034,98.5666,0.5508670207
8,2.49324,99.1376,0.507472634659
8,2.49615,99.1376,0.626176283887
8,2.49905,99.1376,0.586442737928
8,2.50195,99.1376,0.649366765239
8,2.50485,98.5666,0.742727863878
8,2.50776,98.5666,0.808016844974
8,2.51066,97.9989,0.869939153726
8,2.51356,97.4344,0.849293223304
8,2.51646,97.4344,0.643730356562
8,2.51937,97.4344,0.606692316029
8,2.52227,97.4344,0.620336280172
8,2.52517,98.5666,0.592569168125
8,2.52807,98.5666,0.593320069981
8,2.53098,97.9989,0.653028379445
8,2.53388,97.9989,0.638107882147
8,2.53678,97.4344,0.641031754633
8,2.53968,97.4344,0.79809255446
8,2.54259,97.4344,0.806793726486
8,2.54549,97.9989,0.81248354983
8,2.54839,97.9989,0.804649398504
8,2.55129,97.9989,0.750853086439
8,2.55419,97.9989,0.792193717196
8,2.5571,97.4344,0.783515768939
8,2.56,97.9989,0.751872609887
8,2.5629,97.9989,0.753521497469
8,2.5658,97.9989,0.740794098066
8,2.56871,97.4344,0.742586198888
8,2.57161,97.9989,0.747254950533
8,2.57451,97.4344,0.736675749741
8,2.57741,96.8732,0.714050380096
8,2.58032,97.4344,0.75106519686
8,2.58322,97.4344,0.784684698633
8,2.58612,97.4344,0.790273885646
8,2.58903,97.4344,0.797852575516
8,2.59193,97.9989,0.782679713264
8,2.59483,97.9989,0.796575268235
8,2.59773,97.4344,0.77829042097
8,2.60063,97.9989,0.795445044822
8,2.60354,97.9989,0.790722878509
8,2.60644,97.9989,0.787866354952
8,2.60934,97.9989,0.778561364938
8,2.61224,97.9989,0.793664555884
8,2.61515,97.9989,0.782540370651
8,2.61805,97.4344,0.753543947112
8,2.62095,97.9989,0.787115453096
8,2.62385,97.9989,0.782052671508
8,2.62676,97.9989,0.765810741767
8,2.62966,97.9989,0.756423694437
8,2.63256,97.9989,0.763520104042
8,2.63546,97.4344,0.758940376844
8,2.63837,97.4344,0.742617163913
8,2.64127,97.9989,0.754607595721
8,2.64417,97.9989,0.748456393504
8,2.64707,97.4344,0.735091114586
8,2.64998,97.4344,0.729894409265
8,2.65288,97.9989,0.731224357089
8,2.65578,97.4344,0.731744569509
8,2.65868,97.4344,0.711171406896
8,2.66159,97.9989,0.753893077769
8,2.66449,97.9989,0.734096363158
8,2.66739,97.4344,0.736702070012
8,2.67029,97.4344,0.714480019818
8,2.6732,97.9989,0.744083357847
8,2.6761,97.9989,0.736431900169
8,2.679,97.4344,0.718967626066
8,2.6819,97.9989,0.74935592748
8,2.68481,97.9989,0.736427255415
8,2.68771,97.4344,0.713374568425
8,2.69061,97.4344,0.703018315812
8,2.69351,97.9989,0.722797999659
8,2.69642,97.9989,0.721231169394
8,2.69932,97.4344,0.69292913654
8,2.70222,97.9989,0.718515536701
8,2.70512,97.9989,0.71090355943
8,2.70803,97.9989,0.697583179798
8,2.71093,97.4344,0.689258232826
8,2.71383,97.9989,0.709149390763
8,2.71673,97.4344,0.722230565576
8,2.71964,97.4344,0.701372524733
8,2.72254,97.4344,0.712437102293
8,2.72544,97.9989,0.702084720308
8,2.72834,97.4344,0.692411246497
8,2.73125,97.4344,0.679794547059
8,2.73415,97.9989,0.697718651783
8,2.73705,97.4344,0.708927216709
8,2.73995,97.9989,0.68482326712
8,2.74286,97.9989,0.693254269303
8,2.74576,97.9989,0.68403056248
8,2.74866,97.9989,0.684051463872
8,2.75156,97.4344,0.67555466101
8,2.75447,97.9989,0.682615460837
8,2.75737,97.9989,0.707653780055
8,2.76027,97.4344,0.674894331852
8,2.76317,97.9989,0.691612348852
8,2.76608,97.9989,0.684372726006
8,2.76898,97.4344,0.668913437273
8,2.77188,97.4344,0.656321509855
8,2.77478,97.9989,0.681232872471
8,2.77769,97.9989,0.681768567403
8,2.78059,97.9989,0.676715075322
8,2.78349,97.9989,0.680169223862
8,2.78639,97.9989,0.677362244345
8,2.7893,97.4344,0.664626329561
8,2.7922,97.4344,0.645858427906
8,2.7951,97.4344,0.667609035594
8,2.798,97.4344,0.672558794841
8,2.80091,97.4344,0.647196891111
8,2.80381,97.4344,0.652824784406
8,2.80671,97.9989,0.653132886405
8,2.80961,97.4344,0.64803062441
8,2.81252,97.4344,0.664513307219
8,2.81542,97.9989,0.646540432581
8,2.81832,97.9989,0.646961556921
8,2.82122,97.4344,0.623137840809
8,2.82413,97.4344,0.631973710694
8,2.82703,97.9989,0.631179457802
8,2.82993,97.4344,0.618207434703
8,2.83283,97.4344,0.62404356779
8,2.83574,97.9989,0.63778894239
8,2.83864,97.4344,0.628113146201
8,2.84154,97.4344,0.619161157473
8,2.84444,97.4344,0.616996702225
8,2.84735,97.9989,0.619930638344
8,2.85025,97.4344,0.612171577204
8,2.85315,97.4344,0.612887643407
8,2.85605,97.9989,0.619057424639
8,2.85896,97.9989,0.61635882271
8,2.86186,97.4344,0.607027512425
8,2.86476,97.4344,0.601629534441
8,2.86766,97.9989,0.610261035161
8,2.87057,97.9989,0.610069826131
8,2.87347,97.4344,0.602225611172
8,2.87637,97.9989,0.607946399542
8,2.87927,97.9989,0.593681586648
8,2.88218,97.4344,0.588719441391
8,2.88508,96.8732,0.564060443729
8,2.88798,96.8732,0.558064066637
8,2.89088,96.8732,0.490300205917
8,2.89379,97.4344,0.410450695939
8,2.89669,97.9989,0.35278685225
8,2.89959,95.209,0.321597330815
8,2.90249,93.5734,0.32634736565
8,2.9054,95.209,0.421728932171
8,2.9083,96.3153,0.433452290638
8,2.9112,98.5666,0.545161714843
8,2.9141,102.043,0.688063756986
8,2.91701,104.428,0.500342937652
